{
  "overall": {
    "pearson_r": 0.388888888888889,
    "pearson_p": 0.5176315374029744,
    "spearman_r": 0.4442616583193193,
    "mae": 0.7
  },
  "summary": {
    "pearson_r": NaN
  },
  "screenshots": {
    "pearson_r": 0.48038446141526125
  }
}